"Weekly Diphtheria Case reports for Detroit, MI"
"Data provided by Project Tycho, Data Version 1.0.0, released 28 November 2013."
YEAR,WEEK,DETROIT, MI
1916,1,58
1916,2,63
1916,3,59
1916,4,69
1916,5,78
1916,6,55
1916,7,49
1916,8,35
1916,9,63
1916,10,42
1916,11,61
1916,12,31
1916,13,41
1916,14,44
1916,15,62
1916,16,60
1916,17,79
1916,18,55
1916,19,59
1916,20,59
1916,21,74
1916,22,60
1916,23,54
1916,24,89
1916,25,80
1916,26,70
1916,27,52
1916,28,53
1916,29,46
1916,30,36
1916,31,39
1916,32,41
1916,33,32
1916,34,57
1916,35,31
1916,36,48
1916,37,50
1916,38,72
1916,39,80
1916,40,97
1916,41,93
1916,42,113
1916,43,101
1916,44,97
1916,45,120
1916,46,104
1916,47,118
1916,48,140
1916,49,109
1916,50,119
1916,51,126
1916,52,90
1917,1,92
1917,2,103
1917,3,102
1917,4,95
1917,5,96
1917,6,99
1917,7,91
1917,8,100
1917,9,-
1917,10,115
1917,11,105
1917,12,116
1917,13,114
1917,14,101
1917,15,92
1917,16,69
1917,17,111
1917,18,93
1917,19,72
1917,20,87
1917,21,85
1917,22,100
1917,23,75
1917,24,98
1917,25,97
1917,26,74
1917,27,77
1917,28,57
1917,29,60
1917,30,62
1917,31,38
1917,32,45
1917,33,57
1917,34,70
1917,35,50
1917,36,58
1917,37,64
1917,38,71
1917,39,86
1917,40,87
1917,41,120
1917,42,106
1917,43,114
1917,44,97
1917,45,75
1917,46,95
1917,47,90
1917,48,111
1917,49,10
1917,50,71
1917,51,62
1917,52,74
1918,1,72
1918,2,64
1918,3,72
1918,4,59
1918,5,68
1918,6,60
1918,7,69
1918,8,53
1918,9,50
1918,10,45
1918,11,35
1918,12,60
1918,13,51
1918,14,46
1918,15,43
1918,16,56
1918,17,53
1918,18,40
1918,19,49
1918,20,45
1918,21,34
1918,22,39
1918,23,55
1918,24,42
1918,25,42
1918,26,46
1918,27,33
1918,28,32
1918,29,52
1918,30,36
1918,31,36
1918,32,31
1918,33,27
1918,34,30
1918,35,-
1918,36,36
1918,37,36
1918,38,48
1918,39,-
1918,40,64
1918,41,87
1918,42,99
1918,43,68
1918,44,78
1918,45,44
1918,46,71
1918,47,86
1918,48,75
1918,49,84
1918,50,94
1918,51,90
1918,52,82
1919,1,90
1919,2,72
1919,3,89
1919,4,99
1919,5,90
1919,6,85
1919,7,77
1919,8,88
1919,9,84
1919,10,79
1919,11,76
1919,12,57
1919,13,71
1919,14,88
1919,15,73
1919,16,56
1919,17,67
1919,18,63
1919,19,50
1919,20,47
1919,21,62
1919,22,41
1919,23,43
1919,24,41
1919,25,46
1919,26,33
1919,27,33
1919,28,29
1919,29,33
1919,30,24
1919,31,35
1919,32,29
1919,33,42
1919,34,53
1919,35,58
1919,36,49
1919,37,55
1919,38,61
1919,39,56
1919,40,91
1919,41,61
1919,42,69
1919,43,98
1919,44,99
1919,45,115
1919,46,115
1919,47,107
1919,48,100
1919,49,105
1919,50,113
1919,51,80
1919,52,88
1920,1,107
1920,2,85
1920,3,68
1920,4,57
1920,5,97
1920,6,94
1920,7,88
1920,8,77
1920,9,84
1920,10,75
1920,11,91
1920,12,77
1920,13,75
1920,14,72
1920,15,98
1920,16,94
1920,17,66
1920,18,81
1920,19,83
1920,20,-
1920,21,84
1920,22,76
1920,23,87
1920,24,69
1920,25,79
1920,26,64
1920,27,48
1920,28,64
1920,29,64
1920,30,43
1920,31,55
1920,32,62
1920,33,56
1920,34,46
1920,35,39
1920,36,43
1920,37,69
1920,38,75
1920,39,80
1920,40,-
1920,41,118
1920,42,135
1920,43,107
1920,44,121
1920,45,131
1920,46,112
1920,47,109
1920,48,119
1920,49,155
1920,50,136
1920,51,128
1920,52,162
1921,1,136
1921,2,133
1921,3,125
1921,4,126
1921,5,123
1921,6,114
1921,7,110
1921,8,105
1921,9,114
1921,10,122
1921,11,80
1921,12,93
1921,13,91
1921,14,94
1921,15,111
1921,16,96
1921,17,105
1921,18,82
1921,19,84
1921,20,100
1921,21,89
1921,22,67
1921,23,81
1921,24,83
1921,25,64
1921,26,64
1921,27,39
1921,28,55
1921,29,39
1921,30,41
1921,31,44
1921,32,47
1921,33,54
1921,34,55
1921,35,44
1921,36,49
1921,37,44
1921,38,70
1921,39,73
1921,40,75
1921,41,100
1921,42,100
1921,43,119
1921,44,94
1921,45,116
1921,46,125
1921,47,112
1921,48,133
1921,49,119
1921,50,132
1921,51,-
1921,52,99
1922,1,80
1922,2,86
1922,3,98
1922,4,97
1922,5,73
1922,6,62
1922,7,58
1922,8,59
1922,9,48
1922,10,56
1922,11,58
1922,12,46
1922,13,48
1922,14,41
1922,15,45
1922,16,48
1922,17,34
1922,18,36
1922,19,52
1922,20,47
1922,21,55
1922,22,42
1922,23,37
1922,24,40
1922,25,29
1922,26,25
1922,27,32
1922,28,24
1922,29,13
1922,30,27
1922,31,33
1922,32,20
1922,33,24
1922,34,16
1922,35,30
1922,36,26
1922,37,47
1922,38,48
1922,39,58
1922,40,60
1922,41,64
1922,42,69
1922,43,86
1922,44,76
1922,45,78
1922,46,83
1922,47,90
1922,48,75
1922,49,82
1922,50,82
1922,51,70
1922,52,61
1923,1,75
1923,2,69
1923,3,58
1923,4,60
1923,5,45
1923,6,60
1923,7,52
1923,8,63
1923,9,42
1923,10,58
1923,11,52
1923,12,57
1923,13,34
1923,14,37
1923,15,39
1923,16,52
1923,17,43
1923,18,-
1923,19,-
1923,20,-
1923,21,21
1923,22,31
1923,23,27
1923,24,26
1923,25,29
1923,26,29
1923,27,-
1923,28,36
1923,29,27
1923,30,19
1923,31,15
1923,32,-
1923,33,24
1923,34,26
1923,35,33
1923,36,21
1923,37,29
1923,38,43
1923,39,44
1923,40,32
1923,41,61
1923,42,68
1923,43,79
1923,44,68
1923,45,62
1923,46,74
1923,47,72
1923,48,72
1923,49,80
1923,50,69
1923,51,69
1923,52,75
1924,1,88
1924,2,72
1924,3,99
1924,4,56
1924,5,65
1924,6,56
1924,7,34
1924,8,66
1924,9,53
1924,10,59
1924,11,62
1924,12,55
1924,13,51
1924,14,52
1924,15,48
1924,16,52
1924,17,42
1924,18,38
1924,19,40
1924,20,47
1924,21,42
1924,22,36
1924,23,35
1924,24,32
1924,25,30
1924,26,45
1924,27,26
1924,28,22
1924,29,16
1924,30,15
1924,31,26
1924,32,25
1924,33,23
1924,34,20
1924,35,-
1924,36,20
1924,37,21
1924,38,19
1924,39,36
1924,40,22
1924,41,28
1924,42,38
1924,43,38
1924,44,36
1924,45,43
1924,46,51
1924,47,54
1924,48,48
1924,49,35
1924,50,41
1924,51,39
1924,52,39
1925,1,34
1925,2,43
1925,3,34
1925,4,40
1925,5,37
1925,6,26
1925,7,22
1925,8,37
1925,9,30
1925,10,37
1925,11,36
1925,12,28
1925,13,20
1925,14,37
1925,15,22
1925,16,27
1925,17,29
1925,18,17
1925,19,28
1925,20,22
1925,21,24
1925,22,34
1925,23,18
1925,24,20
1925,25,21
1925,26,27
1925,27,27
1925,28,21
1925,29,17
1925,30,17
1925,31,24
1925,32,11
1925,33,12
1925,34,15
1925,35,21
1925,36,20
1925,37,13
1925,38,18
1925,39,43
1925,40,40
1925,41,51
1925,42,51
1925,43,46
1925,44,35
1925,45,58
1925,46,46
1925,47,26
1925,48,52
1925,49,49
1925,50,40
1925,51,53
1925,52,49
1926,1,47
1926,2,39
1926,3,52
1926,4,46
1926,5,41
1926,6,41
1926,7,57
1926,8,46
1926,9,54
1926,10,43
1926,11,44
1926,12,30
1926,13,39
1926,14,30
1926,15,34
1926,16,26
1926,17,38
1926,18,45
1926,19,47
1926,20,44
1926,21,48
1926,22,49
1926,23,59
1926,24,74
1926,25,112
1926,26,68
1926,27,-
1926,28,51
1926,29,48
1926,30,27
1926,31,54
1926,32,55
1926,33,45
1926,34,31
1926,35,46
1926,36,36
1926,37,55
1926,38,78
1926,39,69
1926,40,121
1926,41,125
1926,42,123
1926,43,107
1926,44,120
1926,45,106
1926,46,108
1926,47,104
1926,48,112
1926,49,82
1926,50,74
1926,51,52
1926,52,66
1927,1,77
1927,2,62
1927,3,63
1927,4,69
1927,5,84
1927,6,64
1927,7,51
1927,8,71
1927,9,57
1927,10,53
1927,11,51
1927,12,65
1927,13,72
1927,14,56
1927,15,47
1927,16,43
1927,17,52
1927,18,53
1927,19,49
1927,20,40
1927,21,42
1927,22,44
1927,23,34
1927,24,48
1927,25,44
1927,26,37
1927,27,38
1927,28,25
1927,29,23
1927,30,23
1927,31,15
1927,32,23
1927,33,23
1927,34,23
1927,35,13
1927,36,19
1927,37,27
1927,38,39
1927,39,34
1927,40,54
1927,41,38
1927,42,65
1927,43,96
1927,44,44
1927,45,63
1927,46,74
1927,47,47
1927,48,56
1927,49,56
1927,50,62
1927,51,39
1927,52,45
1928,1,47
1928,2,58
1928,3,51
1928,4,37
1928,5,32
1928,6,37
1928,7,43
1928,8,37
1928,9,35
1928,10,45
1928,11,31
1928,12,21
1928,13,36
1928,14,17
1928,15,27
1928,16,28
1928,17,38
1928,18,36
1928,19,39
1928,20,63
1928,21,33
1928,22,35
1928,23,35
1928,24,44
1928,25,41
1928,26,35
1928,27,-
1928,28,24
1928,29,27
1928,30,26
1928,31,29
1928,32,22
1928,33,20
1928,34,30
1928,35,-
1928,36,17
1928,37,23
1928,38,25
1928,39,34
1928,40,24
1928,41,33
1928,42,42
1928,43,57
1928,44,41
1928,45,59
1928,46,48
1928,47,48
1928,48,42
1928,49,47
1928,50,56
1928,51,65
1928,52,50
1929,1,71
1929,2,49
1929,3,40
1929,4,56
1929,5,38
1929,6,54
1929,7,40
1929,8,45
1929,9,55
1929,10,46
1929,11,43
1929,12,56
1929,13,40
1929,14,50
1929,15,42
1929,16,56
1929,17,53
1929,18,-
1929,19,42
1929,20,55
1929,21,71
1929,22,55
1929,23,44
1929,24,67
1929,25,76
1929,26,41
1929,27,42
1929,28,36
1929,29,34
1929,30,42
1929,31,38
1929,32,20
1929,33,23
1929,34,25
1929,35,22
1929,36,27
1929,37,40
1929,38,44
1929,39,-
1929,40,52
1929,41,66
1929,42,74
1929,43,63
1929,44,70
1929,45,83
1929,46,76
1929,47,88
1929,48,48
1929,49,88
1929,50,63
1929,51,70
1929,52,64
1930,1,40
1930,2,52
1930,3,40
1930,4,62
1930,5,37
1930,6,34
1930,7,39
1930,8,40
1930,9,44
1930,10,46
1930,11,38
1930,12,45
1930,13,37
1930,14,46
1930,15,43
1930,16,33
1930,17,33
1930,18,42
1930,19,39
1930,20,31
1930,21,49
1930,22,41
1930,23,32
1930,24,46
1930,25,27
1930,26,40
1930,27,31
1930,28,38
1930,29,18
1930,30,17
1930,31,19
1930,32,9
1930,33,13
1930,34,8
1930,35,9
1930,36,22
1930,37,24
1930,38,35
1930,39,22
1930,40,26
1930,41,27
1930,42,51
1930,43,37
1930,44,55
1930,45,44
1930,46,49
1930,47,45
1930,48,43
1930,49,34
1930,50,39
1930,51,33
1930,52,-
1931,1,32
1931,2,28
1931,3,31
1931,4,36
1931,5,24
1931,6,29
1931,7,12
1931,8,12
1931,9,21
1931,10,21
1931,11,19
1931,12,24
1931,13,15
1931,14,18
1931,15,22
1931,16,23
1931,17,19
1931,18,23
1931,19,19
1931,20,29
1931,21,30
1931,22,22
1931,23,10
1931,24,21
1931,25,22
1931,26,13
1931,27,9
1931,28,21
1931,29,15
1931,30,9
1931,31,9
1931,32,10
1931,33,6
1931,34,10
1931,35,9
1931,36,12
1931,37,7
1931,38,7
1931,39,7
1931,40,11
1931,41,13
1931,42,32
1931,43,33
1931,44,34
1931,45,45
1931,46,32
1931,47,29
1931,48,30
1931,49,30
1931,50,41
1931,51,27
1931,52,28
1932,1,22
1932,2,33
1932,3,46
1932,4,20
1932,5,21
1932,6,26
1932,7,25
1932,8,17
1932,9,29
1932,10,28
1932,11,21
1932,12,13
1932,13,6
1932,14,22
1932,15,15
1932,16,14
1932,17,11
1932,18,9
1932,19,13
1932,20,7
1932,21,10
1932,22,15
1932,23,8
1932,24,23
1932,25,7
1932,26,10
1932,27,12
1932,28,13
1932,29,5
1932,30,6
1932,31,10
1932,32,5
1932,33,4
1932,34,6
1932,35,4
1932,36,5
1932,37,9
1932,38,10
1932,39,8
1932,40,7
1932,41,11
1932,42,18
1932,43,11
1932,44,8
1932,45,19
1932,46,17
1932,47,7
1932,48,15
1932,49,14
1932,50,24
1932,51,17
1932,52,6
1933,1,8
1933,2,16
1933,3,18
1933,4,15
1933,5,17
1933,6,9
1933,7,15
1933,8,7
1933,9,12
1933,10,16
1933,11,16
1933,12,15
1933,13,7
1933,14,9
1933,15,14
1933,16,13
1933,17,17
1933,18,14
1933,19,14
1933,20,19
1933,21,13
1933,22,16
1933,23,18
1933,24,21
1933,25,14
1933,26,12
1933,27,17
1933,28,20
1933,29,4
1933,30,11
1933,31,8
1933,32,9
1933,33,4
1933,34,13
1933,35,8
1933,36,3
1933,37,5
1933,38,14
1933,39,9
1933,40,18
1933,41,17
1933,42,13
1933,43,12
1933,44,11
1933,45,9
1933,46,14
1933,47,7
1933,48,13
1933,49,9
1933,50,9
1933,51,9
1933,52,7
1934,1,8
1934,2,5
1934,3,3
1934,4,8
1934,5,7
1934,6,9
1934,7,4
1934,8,11
1934,9,8
1934,10,6
1934,11,8
1934,12,13
1934,13,8
1934,14,8
1934,15,9
1934,16,7
1934,17,4
1934,18,7
1934,19,4
1934,20,6
1934,21,5
1934,22,5
1934,23,4
1934,24,4
1934,25,6
1934,26,3
1934,27,1
1934,28,1
1934,29,3
1934,30,4
1934,31,3
1934,32,5
1934,33,2
1934,34,5
1934,35,2
1934,36,4
1934,37,2
1934,38,7
1934,39,7
1934,40,7
1934,41,5
1934,42,7
1934,43,21
1934,44,7
1934,45,18
1934,46,6
1934,47,10
1934,48,5
1934,49,7
1934,50,6
1934,51,5
1934,52,9
1935,1,8
1935,2,6
1935,3,4
1935,4,7
1935,5,5
1935,6,5
1935,7,5
1935,8,3
1935,9,3
1935,10,7
1935,11,9
1935,12,6
1935,13,5
1935,14,8
1935,15,1
1935,16,6
1935,17,6
1935,18,6
1935,19,5
1935,20,5
1935,21,8
1935,22,1
1935,23,3
1935,24,0
1935,25,1
1935,26,5
1935,27,4
1935,28,0
1935,29,5
1935,30,1
1935,31,0
1935,32,2
1935,33,1
1935,34,1
1935,35,0
1935,36,4
1935,37,1
1935,38,3
1935,39,7
1935,40,14
1935,41,10
1935,42,7
1935,43,1
1935,44,11
1935,45,10
1935,46,11
1935,47,18
1935,48,23
1935,49,14
1935,50,15
1935,51,4
1935,52,8
1936,1,6
1936,2,4
1936,3,11
1936,4,10
1936,5,6
1936,6,6
1936,7,6
1936,8,7
1936,9,5
1936,10,1
1936,11,3
1936,12,11
1936,13,3
1936,14,5
1936,15,5
1936,16,4
1936,17,6
1936,18,5
1936,19,6
1936,20,7
1936,21,7
1936,22,3
1936,23,2
1936,24,14
1936,25,9
1936,26,3
1936,27,3
1936,28,5
1936,29,6
1936,30,5
1936,31,1
1936,32,2
1936,33,0
1936,34,3
1936,35,2
1936,36,2
1936,37,5
1936,38,4
1936,39,6
1936,40,4
1936,41,5
1936,42,6
1936,43,26
1936,44,14
1936,45,12
1936,46,22
1936,47,24
1936,48,11
1936,49,9
1936,50,6
1936,51,8
1936,52,14
1937,1,8
1937,2,16
1937,3,16
1937,4,11
1937,5,7
1937,6,14
1937,7,9
1937,8,8
1937,9,9
1937,10,10
1937,11,9
1937,12,3
1937,13,7
1937,14,2
1937,15,7
1937,16,5
1937,17,7
1937,18,5
1937,19,5
1937,20,14
1937,21,10
1937,22,8
1937,23,9
1937,24,14
1937,25,9
1937,26,14
1937,27,12
1937,28,9
1937,29,11
1937,30,3
1937,31,6
1937,32,3
1937,33,3
1937,34,2
1937,35,5
1937,36,7
1937,37,5
1937,38,5
1937,39,11
1937,40,9
1937,41,13
1937,42,11
1937,43,12
1937,44,7
1937,45,13
1937,46,13
1937,47,11
1937,48,18
1937,49,12
1937,50,7
1937,51,9
1937,52,9
1938,1,9
1938,2,7
1938,3,9
1938,4,10
1938,5,9
1938,6,11
1938,7,9
1938,8,7
1938,9,6
1938,10,9
1938,11,3
1938,12,4
1938,13,2
1938,14,4
1938,15,9
1938,16,10
1938,17,1
1938,18,2
1938,19,8
1938,20,3
1938,21,3
1938,22,4
1938,23,2
1938,24,7
1938,25,1
1938,26,11
1938,27,7
1938,28,5
1938,29,4
1938,30,4
1938,31,7
1938,32,5
1938,33,1
1938,34,4
1938,35,1
1938,36,1
1938,37,5
1938,38,3
1938,39,12
1938,40,13
1938,41,9
1938,42,9
1938,43,17
1938,44,14
1938,45,18
1938,46,13
1938,47,15
1938,48,7
1938,49,12
1938,50,9
1938,51,8
1938,52,9
1939,1,2
1939,2,10
1939,3,7
1939,4,5
1939,5,6
1939,6,4
1939,7,10
1939,8,16
1939,9,1
1939,10,3
1939,11,8
1939,12,13
1939,13,6
1939,14,12
1939,15,6
1939,16,2
1939,17,9
1939,18,11
1939,19,3
1939,20,7
1939,21,6
1939,22,5
1939,23,1
1939,24,2
1939,25,3
1939,26,4
1939,27,2
1939,28,3
1939,29,4
1939,30,3
1939,31,3
1939,32,2
1939,33,5
1939,34,9
1939,35,3
1939,36,2
1939,37,1
1939,38,2
1939,39,2
1939,40,2
1939,41,-
1939,42,1
1939,43,8
1939,44,7
1939,45,4
1939,46,6
1939,47,8
1939,48,7
1939,49,8
1939,50,5
1939,51,4
1939,52,2
1940,1,5
1940,2,2
1940,3,6
1940,4,4
1940,5,11
1940,6,3
1940,7,4
1940,8,2
1940,9,1
1940,10,1
1940,11,1
1940,12,1
1940,13,2
1940,14,3
1940,15,1
1940,16,1
1940,17,0
1940,18,0
1940,19,1
1940,20,5
1940,21,-
1940,22,1
1940,23,1
1940,24,1
1940,25,2
1940,26,0
1940,27,1
1940,28,2
1940,29,1
1940,30,2
1940,31,2
1940,32,1
1940,33,2
1940,34,0
1940,35,2
1940,36,0
1940,37,1
1940,38,3
1940,39,4
1940,40,3
1940,41,1
1940,42,2
1940,43,7
1940,44,3
1940,45,7
1940,46,3
1940,47,5
1940,48,2
1940,49,1
1940,50,4
1940,51,3
1940,52,0
1941,1,5
1941,2,4
1941,3,2
1941,4,4
1941,5,2
1941,6,-
1941,7,0
1941,8,1
1941,9,6
1941,10,4
1941,11,5
1941,12,5
1941,13,3
1941,14,1
1941,15,2
1941,16,1
1941,17,1
1941,18,0
1941,19,3
1941,20,1
1941,21,2
1941,22,0
1941,23,1
1941,24,0
1941,25,1
1941,26,2
1941,27,0
1941,28,2
1941,29,1
1941,30,0
1941,31,0
1941,32,0
1941,33,1
1941,34,3
1941,35,2
1941,36,1
1941,37,1
1941,38,6
1941,39,1
1941,40,6
1941,41,1
1941,42,2
1941,43,3
1941,44,0
1941,45,2
1941,46,5
1941,47,2
1941,48,3
1941,49,3
1941,50,4
1941,51,5
1941,52,6
1942,1,5
1942,2,7
1942,3,2
1942,4,4
1942,5,-
1942,6,3
1942,7,7
1942,8,3
1942,9,2
1942,10,6
1942,11,8
1942,12,2
1942,13,3
1942,14,5
1942,15,1
1942,16,1
1942,17,0
1942,18,3
1942,19,3
1942,20,3
1942,21,1
1942,22,2
1942,23,5
1942,24,3
1942,25,1
1942,26,1
1942,27,2
1942,28,1
1942,29,1
1942,30,0
1942,31,6
1942,32,2
1942,33,3
1942,34,0
1942,35,3
1942,36,2
1942,37,1
1942,38,1
1942,39,1
1942,40,6
1942,41,12
1942,42,6
1942,43,3
1942,44,0
1942,45,2
1942,46,1
1942,47,1
1942,48,6
1942,49,2
1942,50,2
1942,51,1
1942,52,-
1943,1,3
1943,2,0
1943,3,1
1943,4,-
1943,5,-
1943,6,1
1943,7,4
1943,8,0
1943,9,3
1943,10,1
1943,11,2
1943,12,0
1943,13,5
1943,14,4
1943,15,2
1943,16,1
1943,17,7
1943,18,1
1943,19,2
1943,20,2
1943,21,3
1943,22,3
1943,23,0
1943,24,3
1943,25,5
1943,26,2
1943,27,0
1943,28,1
1943,29,3
1943,30,0
1943,31,1
1943,32,1
1943,33,5
1943,34,1
1943,35,1
1943,36,2
1943,37,2
1943,38,4
1943,39,1
1943,40,6
1943,41,11
1943,42,6
1943,43,4
1943,44,1
1943,45,2
1943,46,5
1943,47,5
1943,48,5
1943,49,3
1943,50,5
1943,51,2
1943,52,2
1944,1,0
1944,2,3
1944,3,8
1944,4,3
1944,5,5
1944,6,3
1944,7,5
1944,8,1
1944,9,5
1944,10,5
1944,11,3
1944,12,5
1944,13,3
1944,14,3
1944,15,4
1944,16,3
1944,17,4
1944,18,1
1944,19,3
1944,20,8
1944,21,2
1944,22,6
1944,23,9
1944,24,7
1944,25,6
1944,26,4
1944,27,4
1944,28,2
1944,29,3
1944,30,7
1944,31,4
1944,32,7
1944,33,3
1944,34,1
1944,35,5
1944,36,2
1944,37,3
1944,38,3
1944,39,3
1944,40,7
1944,41,7
1944,42,12
1944,43,5
1944,44,17
1944,45,6
1944,46,16
1944,47,8
1944,48,15
1944,49,11
1944,50,8
1944,51,7
1944,52,1
1945,1,5
1945,2,9
1945,3,8
1945,4,10
1945,5,12
1945,6,4
1945,7,2
1945,8,8
1945,9,2
1945,10,5
1945,11,6
1945,12,4
1945,13,5
1945,14,5
1945,15,4
1945,16,5
1945,17,5
1945,18,1
1945,19,3
1945,20,3
1945,21,13
1945,22,9
1945,23,7
1945,24,12
1945,25,4
1945,26,6
1945,27,4
1945,28,5
1945,29,6
1945,30,8
1945,31,3
1945,32,2
1945,33,4
1945,34,4
1945,35,5
1945,36,10
1945,37,4
1945,38,3
1945,39,4
1945,40,7
1945,41,5
1945,42,5
1945,43,2
1945,44,5
1945,45,4
1945,46,3
1945,47,6
1945,48,5
1945,49,5
1945,50,5
1945,51,8
1945,52,3
1946,1,3
1946,2,3
1946,3,2
1946,4,3
1946,5,1
1946,6,9
1946,7,8
1946,8,3
1946,9,6
1946,10,6
1946,11,10
1946,12,2
1946,13,6
1946,14,1
1946,15,5
1946,16,1
1946,17,0
1946,18,0
1946,19,5
1946,20,1
1946,21,5
1946,22,3
1946,23,2
1946,24,2
1946,25,3
1946,26,0
1946,27,0
1946,28,2
1946,29,2
1946,30,6
1946,31,3
1946,32,3
1946,33,9
1946,34,6
1946,35,1
1946,36,2
1946,37,4
1946,38,1
1946,39,2
1946,40,1
1946,41,0
1946,42,1
1946,43,1
1946,44,2
1946,45,0
1946,46,8
1946,47,8
1946,48,5
1946,49,5
1946,50,4
1946,51,0
1946,52,-
1947,1,6
1947,2,3
1947,3,2
1947,4,4
1947,5,2
1947,6,1
1947,7,2
1947,8,1
1947,9,3
1947,10,1
1947,11,1
1947,12,4
1947,13,2
1947,14,1
1947,15,3
1947,16,2
1947,17,1
1947,18,1
1947,19,5
1947,20,5
1947,21,1
1947,22,0
1947,23,2
1947,24,3
1947,25,1
1947,26,1
1947,27,2
1947,28,0
1947,29,2
1947,30,1
1947,31,0
1947,32,3
1947,33,0
1947,34,1
1947,35,0
1947,36,0
1947,37,1
1947,38,0
1947,39,2
1947,40,1
1947,41,0
1947,42,0
1947,43,0
1947,44,0
1947,45,2
1947,46,1
1947,47,-
1947,48,0
1947,49,1
1947,50,0
1947,51,0
1947,52,2
1948,1,-
1948,2,-
1948,3,-
1948,4,-
1948,5,-
1948,6,-
1948,7,-
1948,8,-
1948,9,-
1948,10,-
1948,11,-
1948,12,-
1948,13,-
1948,14,-
1948,15,-
1948,16,-
1948,17,-
1948,18,-
1948,19,-
1948,20,-
1948,21,-
1948,22,-
1948,23,-
1948,24,-
1948,25,-
1948,26,-
1948,27,-
1948,28,-
1948,29,-
1948,30,-
1948,31,-
1948,32,-
1948,33,-
1948,34,-
1948,35,-
1948,36,-
1948,37,-
1948,38,-
1948,39,-
1948,40,-
1948,41,-
1948,42,-
1948,43,-
1948,44,-
1948,45,-
1948,46,-
1948,47,-
1948,48,-
1948,49,-
1948,50,-
1948,51,-
1948,52,-
1949,1,-
1949,2,-
1949,3,-
1949,4,-
1949,5,-
1949,6,-
1949,7,-
1949,8,-
1949,9,-
1949,10,-
1949,11,-
1949,12,-
1949,13,-
1949,14,-
1949,15,-
1949,16,-
1949,17,-
1949,18,-
1949,19,-
1949,20,-
1949,21,-
1949,22,-
1949,23,-
1949,24,-
1949,25,-
1949,26,-
1949,27,-
1949,28,-
1949,29,-
1949,30,-
1949,31,-
1949,32,-
1949,33,-
1949,34,-
1949,35,-
1949,36,-
1949,37,-
1949,38,-
1949,39,-
1949,40,-
1949,41,-
1949,42,-
1949,43,-
1949,44,-
1949,45,-
1949,46,-
1949,47,-
1949,48,-
1949,49,-
1949,50,-
1949,51,-
1949,52,-
1950,1,-
1950,2,-
1950,3,-
1950,4,-
1950,5,-
1950,6,-
1950,7,-
1950,8,-
1950,9,-
1950,10,-
1950,11,-
1950,12,-
1950,13,-
1950,14,-
1950,15,-
1950,16,-
1950,17,-
1950,18,-
1950,19,-
1950,20,-
1950,21,-
1950,22,-
1950,23,-
1950,24,-
1950,25,-
1950,26,-
1950,27,-
1950,28,-
1950,29,-
1950,30,-
1950,31,-
1950,32,-
1950,33,-
1950,34,-
1950,35,-
1950,36,-
1950,37,-
1950,38,-
1950,39,-
1950,40,-
1950,41,-
1950,42,-
1950,43,-
1950,44,-
1950,45,-
1950,46,-
1950,47,-
1950,48,-
1950,49,-
1950,50,-
1950,51,-
1950,52,-
1951,1,-
1951,2,-
1951,3,-
1951,4,-
1951,5,-
1951,6,-
1951,7,-
1951,8,-
1951,9,-
1951,10,-
1951,11,-
1951,12,-
1951,13,-
1951,14,-
1951,15,-
1951,16,-
1951,17,-
1951,18,-
1951,19,-
1951,20,-
1951,21,-
1951,22,-
1951,23,-
1951,24,-
1951,25,-
1951,26,-
1951,27,-
1951,28,-
1951,29,-
1951,30,-
1951,31,-
1951,32,-
1951,33,-
1951,34,-
1951,35,-
1951,36,-
1951,37,-
1951,38,-
1951,39,-
1951,40,-
1951,41,-
1951,42,-
1951,43,-
1951,44,-
1951,45,-
1951,46,-
1951,47,-
1951,48,-
1951,49,-
1951,50,-
1951,51,-
1951,52,-
1952,1,-
1952,2,-
1952,3,-
1952,4,-
1952,5,-
1952,6,-
1952,7,-
1952,8,-
1952,9,-
1952,10,-
1952,11,-
1952,12,-
1952,13,-
1952,14,-
1952,15,-
1952,16,-
1952,17,-
1952,18,-
1952,19,-
1952,20,-
1952,21,-
1952,22,-
1952,23,-
1952,24,-
1952,25,-
1952,26,-
1952,27,-
1952,28,-
1952,29,-
1952,30,-
1952,31,-
1952,32,-
1952,33,-
1952,34,-
1952,35,-
1952,36,-
1952,37,-
1952,38,-
1952,39,-
1952,40,-
1952,41,-
1952,42,-
1952,43,-
1952,44,-
1952,45,-
1952,46,-
1952,47,-
1952,48,-
1952,49,-
1952,50,-
1952,51,-
1952,52,-
1953,1,-
1953,2,-
1953,3,-
1953,4,-
1953,5,-
1953,6,-
1953,7,-
1953,8,-
1953,9,-
1953,10,-
1953,11,-
1953,12,-
1953,13,-
1953,14,-
1953,15,-
1953,16,-
1953,17,-
1953,18,-
1953,19,-
1953,20,-
1953,21,-
1953,22,-
1953,23,-
1953,24,-
1953,25,-
1953,26,-
1953,27,-
1953,28,-
1953,29,-
1953,30,-
1953,31,-
1953,32,-
1953,33,-
1953,34,-
1953,35,-
1953,36,-
1953,37,-
1953,38,-
1953,39,-
1953,40,-
1953,41,-
1953,42,-
1953,43,-
1953,44,-
1953,45,-
1953,46,-
1953,47,-
1953,48,-
1953,49,-
1953,50,-
1953,51,-
1953,52,-
1954,1,-
1954,2,-
1954,3,-
1954,4,-
1954,5,-
1954,6,-
1954,7,-
1954,8,-
1954,9,-
1954,10,-
1954,11,-
1954,12,-
1954,13,-
1954,14,-
1954,15,-
1954,16,-
1954,17,-
1954,18,-
1954,19,-
1954,20,-
1954,21,-
1954,22,-
1954,23,-
1954,24,-
1954,25,-
1954,26,-
1954,27,-
1954,28,-
1954,29,-
1954,30,-
1954,31,-
1954,32,-
1954,33,-
1954,34,-
1954,35,-
1954,36,-
1954,37,-
1954,38,-
1954,39,-
1954,40,-
1954,41,-
1954,42,-
1954,43,-
1954,44,-
1954,45,-
1954,46,-
1954,47,-
1954,48,-
1954,49,-
1954,50,-
1954,51,-
1954,52,-
1955,1,-
1955,2,-
1955,3,-
1955,4,-
1955,5,-
1955,6,-
1955,7,-
1955,8,-
1955,9,-
1955,10,-
1955,11,-
1955,12,-
1955,13,-
1955,14,-
1955,15,-
1955,16,-
1955,17,-
1955,18,-
1955,19,-
1955,20,-
1955,21,-
1955,22,-
1955,23,-
1955,24,-
1955,25,-
1955,26,-
1955,27,-
1955,28,-
1955,29,-
1955,30,-
1955,31,-
1955,32,-
1955,33,-
1955,34,-
1955,35,-
1955,36,-
1955,37,-
1955,38,-
1955,39,-
1955,40,-
1955,41,-
1955,42,-
1955,43,-
1955,44,-
1955,45,-
1955,46,-
1955,47,-
1955,48,-
1955,49,-
1955,50,-
1955,51,-
1955,52,-
1956,1,-
1956,2,-
1956,3,-
1956,4,-
1956,5,-
1956,6,-
1956,7,-
1956,8,-
1956,9,-
1956,10,-
1956,11,-
1956,12,-
1956,13,-
1956,14,-
1956,15,-
1956,16,-
1956,17,-
1956,18,-
1956,19,-
1956,20,-
1956,21,-
1956,22,-
1956,23,-
1956,24,-
1956,25,-
1956,26,-
1956,27,-
1956,28,-
1956,29,-
1956,30,-
1956,31,-
1956,32,-
1956,33,-
1956,34,-
1956,35,-
1956,36,-
1956,37,-
1956,38,-
1956,39,-
1956,40,-
1956,41,-
1956,42,-
1956,43,-
1956,44,-
1956,45,-
1956,46,-
1956,47,-
1956,48,-
1956,49,-
1956,50,-
1956,51,-
1956,52,-
1957,1,-
1957,2,-
1957,3,-
1957,4,-
1957,5,-
1957,6,-
1957,7,-
1957,8,-
1957,9,-
1957,10,-
1957,11,-
1957,12,-
1957,13,-
1957,14,-
1957,15,-
1957,16,-
1957,17,-
1957,18,-
1957,19,-
1957,20,-
1957,21,-
1957,22,-
1957,23,-
1957,24,-
1957,25,-
1957,26,-
1957,27,-
1957,28,-
1957,29,-
1957,30,-
1957,31,-
1957,32,-
1957,33,-
1957,34,-
1957,35,-
1957,36,-
1957,37,-
1957,38,-
1957,39,-
1957,40,-
1957,41,-
1957,42,-
1957,43,-
1957,44,-
1957,45,-
1957,46,-
1957,47,-
1957,48,-
1957,49,-
1957,50,-
1957,51,-
1957,52,-
1958,1,-
1958,2,-
1958,3,-
1958,4,-
1958,5,-
1958,6,-
1958,7,-
1958,8,-
1958,9,-
1958,10,-
1958,11,-
1958,12,-
1958,13,-
1958,14,-
1958,15,-
1958,16,-
1958,17,-
1958,18,-
1958,19,-
1958,20,-
1958,21,-
1958,22,-
1958,23,-
1958,24,-
1958,25,-
1958,26,-
1958,27,-
1958,28,-
1958,29,-
1958,30,-
1958,31,-
1958,32,-
1958,33,-
1958,34,-
1958,35,-
1958,36,-
1958,37,-
1958,38,-
1958,39,-
1958,40,-
1958,41,-
1958,42,-
1958,43,-
1958,44,-
1958,45,-
1958,46,-
1958,47,-
1958,48,-
1958,49,-
1958,50,-
1958,51,-
1958,52,-
1959,1,-
1959,2,-
1959,3,-
1959,4,-
1959,5,-
1959,6,-
1959,7,-
1959,8,-
1959,9,-
1959,10,-
1959,11,-
1959,12,-
1959,13,-
1959,14,-
1959,15,-
1959,16,-
1959,17,-
1959,18,-
1959,19,-
1959,20,-
1959,21,-
1959,22,-
1959,23,-
1959,24,-
1959,25,-
1959,26,-
1959,27,-
1959,28,-
1959,29,-
1959,30,-
1959,31,-
1959,32,-
1959,33,-
1959,34,-
1959,35,-
1959,36,-
1959,37,-
1959,38,-
1959,39,-
1959,40,-
1959,41,-
1959,42,-
1959,43,-
1959,44,-
1959,45,-
1959,46,-
1959,47,-
1959,48,-
1959,49,-
1959,50,-
1959,51,-
1959,52,-
1960,1,-
1960,2,-
1960,3,-
1960,4,-
1960,5,-
1960,6,-
1960,7,-
1960,8,-
1960,9,-
1960,10,-
1960,11,-
1960,12,-
1960,13,-
1960,14,-
1960,15,-
1960,16,-
1960,17,-
1960,18,-
1960,19,-
1960,20,-
1960,21,-
1960,22,-
1960,23,-
1960,24,-
1960,25,-
1960,26,-
1960,27,-
1960,28,-
1960,29,-
1960,30,-
1960,31,-
1960,32,-
1960,33,-
1960,34,-
1960,35,-
1960,36,-
1960,37,-
1960,38,-
1960,39,-
1960,40,-
1960,41,-
1960,42,-
1960,43,-
1960,44,-
1960,45,-
1960,46,-
1960,47,-
1960,48,-
1960,49,-
1960,50,-
1960,51,-
1960,52,-
1961,1,-
1961,2,-
1961,3,-
1961,4,-
1961,5,-
1961,6,-
1961,7,-
1961,8,-
1961,9,-
1961,10,-
1961,11,-
1961,12,-
1961,13,-
1961,14,-
1961,15,-
1961,16,-
1961,17,-
1961,18,-
1961,19,-
1961,20,-
1961,21,-
1961,22,-
1961,23,-
1961,24,-
1961,25,-
1961,26,-
1961,27,-
1961,28,-
1961,29,-
1961,30,-
1961,31,-
1961,32,-
1961,33,-
1961,34,-
1961,35,-
1961,36,-
1961,37,-
1961,38,-
1961,39,-
1961,40,-
1961,41,-
1961,42,-
1961,43,-
1961,44,-
1961,45,-
1961,46,-
1961,47,-
1961,48,-
1961,49,-
1961,50,-
1961,51,-
1961,52,-
1962,1,-
1962,2,-
1962,3,-
1962,4,-
1962,5,-
1962,6,-
1962,7,-
1962,8,-
1962,9,-
1962,10,-
1962,11,-
1962,12,-
1962,13,-
1962,14,-
1962,15,-
1962,16,-
1962,17,-
1962,18,-
1962,19,-
1962,20,-
1962,21,-
1962,22,-
1962,23,-
1962,24,-
1962,25,-
1962,26,-
1962,27,-
1962,28,-
1962,29,-
1962,30,-
1962,31,-
1962,32,-
1962,33,-
1962,34,-
1962,35,-
1962,36,-
1962,37,-
1962,38,-
1962,39,-
1962,40,-
1962,41,-
1962,42,-
1962,43,-
1962,44,-
1962,45,-
1962,46,-
1962,47,-
1962,48,-
1962,49,-
1962,50,-
1962,51,-
1962,52,-
1963,1,-
1963,2,-
1963,3,-
1963,4,-
1963,5,-
1963,6,-
1963,7,-
1963,8,-
1963,9,-
1963,10,-
1963,11,-
1963,12,-
1963,13,-
1963,14,-
1963,15,-
1963,16,-
1963,17,-
1963,18,-
1963,19,-
1963,20,-
1963,21,-
1963,22,-
1963,23,-
1963,24,-
1963,25,-
1963,26,-
1963,27,-
1963,28,-
1963,29,-
1963,30,-
1963,31,-
1963,32,-
1963,33,-
1963,34,-
1963,35,-
1963,36,-
1963,37,-
1963,38,-
1963,39,-
1963,40,-
1963,41,-
1963,42,-
1963,43,-
1963,44,-
1963,45,-
1963,46,-
1963,47,-
1963,48,-
1963,49,-
1963,50,-
1963,51,-
1963,52,-
1964,1,-
1964,2,-
1964,3,-
1964,4,-
1964,5,-
1964,6,-
1964,7,-
1964,8,-
1964,9,-
1964,10,-
1964,11,-
1964,12,-
1964,13,-
1964,14,-
1964,15,-
1964,16,-
1964,17,-
1964,18,-
1964,19,-
1964,20,-
1964,21,-
1964,22,-
1964,23,-
1964,24,-
1964,25,-
1964,26,-
1964,27,-
1964,28,-
1964,29,-
1964,30,-
1964,31,-
1964,32,-
1964,33,-
1964,34,-
1964,35,-
1964,36,-
1964,37,-
1964,38,-
1964,39,-
1964,40,-
1964,41,-
1964,42,-
1964,43,-
1964,44,-
1964,45,-
1964,46,-
1964,47,-
1964,48,-
1964,49,-
1964,50,-
1964,51,-
1964,52,-
1965,1,-
1965,2,-
1965,3,-
1965,4,-
1965,5,-
1965,6,-
1965,7,-
1965,8,-
1965,9,-
1965,10,-
1965,11,-
1965,12,-
1965,13,-
1965,14,-
1965,15,-
1965,16,-
1965,17,-
1965,18,-
1965,19,-
1965,20,-
1965,21,-
1965,22,-
1965,23,-
1965,24,-
1965,25,-
1965,26,-
1965,27,-
1965,28,-
1965,29,-
1965,30,-
1965,31,-
1965,32,-
1965,33,-
1965,34,-
1965,35,-
1965,36,-
1965,37,-
1965,38,-
1965,39,-
1965,40,-
1965,41,-
1965,42,-
1965,43,-
1965,44,-
1965,45,-
1965,46,-
1965,47,-
1965,48,-
1965,49,-
1965,50,-
1965,51,-
1965,52,-
1966,1,-
1966,2,-
1966,3,-
1966,4,-
1966,5,-
1966,6,-
1966,7,-
1966,8,-
1966,9,-
1966,10,-
1966,11,-
1966,12,-
1966,13,-
1966,14,-
1966,15,-
1966,16,-
1966,17,-
1966,18,-
1966,19,-
1966,20,-
1966,21,-
1966,22,-
1966,23,-
1966,24,-
1966,25,-
1966,26,-
1966,27,-
1966,28,-
1966,29,-
1966,30,-
1966,31,-
1966,32,-
1966,33,-
1966,34,-
1966,35,-
1966,36,-
1966,37,-
1966,38,-
1966,39,-
1966,40,-
1966,41,-
1966,42,-
1966,43,-
1966,44,-
1966,45,-
1966,46,-
1966,47,-
1966,48,-
1966,49,-
1966,50,-
1966,51,-
1966,52,-
1967,1,-
1967,2,-
1967,3,-
1967,4,-
1967,5,-
1967,6,-
1967,7,-
1967,8,-
1967,9,-
1967,10,-
1967,11,-
1967,12,-
1967,13,-
1967,14,-
1967,15,-
1967,16,-
1967,17,-
1967,18,-
1967,19,-
1967,20,-
1967,21,-
1967,22,-
1967,23,-
1967,24,-
1967,25,-
1967,26,-
1967,27,-
1967,28,-
1967,29,-
1967,30,-
1967,31,-
1967,32,-
1967,33,-
1967,34,-
1967,35,-
1967,36,-
1967,37,-
1967,38,-
1967,39,-
1967,40,-
1967,41,-
1967,42,-
1967,43,-
1967,44,-
1967,45,-
1967,46,-
1967,47,-
1967,48,-
1967,49,-
1967,50,-
1967,51,-
1967,52,-
1968,1,-
1968,2,-
1968,3,-
1968,4,-
1968,5,-
1968,6,-
1968,7,-
1968,8,-
1968,9,-
1968,10,-
1968,11,-
1968,12,-
1968,13,-
1968,14,-
1968,15,-
1968,16,-
1968,17,-
1968,18,-
1968,19,-
1968,20,-
1968,21,-
1968,22,-
1968,23,-
1968,24,-
1968,25,-
1968,26,-
1968,27,-
1968,28,-
1968,29,-
1968,30,-
1968,31,-
1968,32,-
1968,33,-
1968,34,-
1968,35,-
1968,36,-
1968,37,-
1968,38,-
1968,39,-
1968,40,-
1968,41,-
1968,42,-
1968,43,-
1968,44,-
1968,45,-
1968,46,-
1968,47,-
1968,48,-
1968,49,-
1968,50,-
1968,51,-
1968,52,-
1969,1,-
1969,2,-
1969,3,-
1969,4,-
1969,5,-
1969,6,-
1969,7,-
1969,8,-
1969,9,-
1969,10,-
1969,11,-
1969,12,-
1969,13,-
1969,14,-
1969,15,-
1969,16,-
1969,17,-
1969,18,-
1969,19,-
1969,20,-
1969,21,-
1969,22,-
1969,23,-
1969,24,-
1969,25,-
1969,26,-
1969,27,-
1969,28,-
1969,29,-
1969,30,-
1969,31,-
1969,32,-
1969,33,-
1969,34,-
1969,35,-
1969,36,-
1969,37,-
1969,38,-
1969,39,-
1969,40,-
1969,41,-
1969,42,-
1969,43,-
1969,44,-
1969,45,-
1969,46,-
1969,47,-
1969,48,-
1969,49,-
1969,50,-
1969,51,-
1969,52,-
1970,1,-
1970,2,-
1970,3,-
1970,4,-
1970,5,-
1970,6,-
1970,7,-
1970,8,-
1970,9,-
1970,10,-
1970,11,-
1970,12,-
1970,13,-
1970,14,-
1970,15,-
1970,16,-
1970,17,-
1970,18,-
1970,19,-
1970,20,-
1970,21,-
1970,22,-
1970,23,-
1970,24,-
1970,25,-
1970,26,-
1970,27,-
1970,28,-
1970,29,-
1970,30,-
1970,31,-
1970,32,-
1970,33,-
1970,34,-
1970,35,-
1970,36,-
1970,37,-
1970,38,-
1970,39,-
1970,40,-
1970,41,-
1970,42,-
1970,43,-
1970,44,-
1970,45,-
1970,46,-
1970,47,-
1970,48,-
1970,49,-
1970,50,-
1970,51,-
1970,52,-
1971,1,-
1971,2,-
1971,3,-
1971,4,-
1971,5,-
1971,6,-
1971,7,-
1971,8,-
1971,9,-
1971,10,-
1971,11,-
1971,12,-
1971,13,-
1971,14,-
1971,15,-
1971,16,-
1971,17,-
1971,18,-
1971,19,-
1971,20,-
1971,21,-
1971,22,-
1971,23,-
1971,24,-
1971,25,-
1971,26,-
1971,27,-
1971,28,-
1971,29,-
1971,30,-
1971,31,-
1971,32,-
1971,33,-
1971,34,-
1971,35,-
1971,36,-
1971,37,-
1971,38,-
1971,39,-
1971,40,-
1971,41,-
1971,42,-
1971,43,-
1971,44,-
1971,45,-
1971,46,-
1971,47,-
1971,48,-
1971,49,-
1971,50,-
1971,51,-
1971,52,-
1972,1,-
1972,2,-
1972,3,-
1972,4,-
1972,5,-
1972,6,-
1972,7,-
1972,8,-
1972,9,-
1972,10,-
1972,11,-
1972,12,-
1972,13,-
1972,14,-
1972,15,-
1972,16,-
1972,17,-
1972,18,-
1972,19,-
1972,20,-
1972,21,-
1972,22,-
1972,23,-
1972,24,-
1972,25,-
1972,26,-
1972,27,-
1972,28,-
1972,29,-
1972,30,-
1972,31,-
1972,32,-
1972,33,-
1972,34,-
1972,35,-
1972,36,-
1972,37,-
1972,38,-
1972,39,-
1972,40,-
1972,41,-
1972,42,-
1972,43,-
1972,44,-
1972,45,-
1972,46,-
1972,47,-
1972,48,-
1972,49,-
1972,50,-
1972,51,-
1972,52,-
1973,1,-
1973,2,-
1973,3,-
1973,4,-
1973,5,-
1973,6,-
1973,7,-
1973,8,-
1973,9,-
1973,10,-
1973,11,-
1973,12,-
1973,13,-
1973,14,-
1973,15,-
1973,16,-
1973,17,-
1973,18,-
1973,19,-
1973,20,-
1973,21,-
1973,22,-
1973,23,-
1973,24,-
1973,25,-
1973,26,-
1973,27,-
1973,28,-
1973,29,-
1973,30,-
1973,31,-
1973,32,-
1973,33,-
1973,34,-
1973,35,-
1973,36,-
1973,37,-
1973,38,-
1973,39,-
1973,40,-
1973,41,-
1973,42,-
1973,43,-
1973,44,-
1973,45,-
1973,46,-
1973,47,-
1973,48,-
1973,49,-
1973,50,-
1973,51,-
1973,52,-
1974,1,-
1974,2,-
1974,3,-
1974,4,-
1974,5,-
1974,6,-
1974,7,-
1974,8,-
1974,9,-
1974,10,-
1974,11,-
1974,12,-
1974,13,-
1974,14,-
1974,15,-
1974,16,-
1974,17,-
1974,18,-
1974,19,-
1974,20,-
1974,21,-
1974,22,-
1974,23,-
1974,24,-
1974,25,-
1974,26,-
1974,27,-
1974,28,-
1974,29,-
1974,30,-
1974,31,-
1974,32,-
1974,33,-
1974,34,-
1974,35,-
1974,36,-
1974,37,-
1974,38,-
1974,39,-
1974,40,-
1974,41,-
1974,42,-
1974,43,-
1974,44,-
1974,45,-
1974,46,-
1974,47,-
1974,48,-
1974,49,-
1974,50,-
1974,51,-
1974,52,-
1975,1,-
1975,2,-
1975,3,-
1975,4,-
1975,5,-
1975,6,-
1975,7,-
1975,8,-
1975,9,-
1975,10,-
1975,11,-
1975,12,-
1975,13,-
1975,14,-
1975,15,-
1975,16,-
1975,17,-
1975,18,-
1975,19,-
1975,20,-
1975,21,-
1975,22,-
1975,23,-
1975,24,-
1975,25,-
1975,26,-
1975,27,-
1975,28,-
1975,29,-
1975,30,-
1975,31,-
1975,32,-
1975,33,-
1975,34,-
1975,35,-
1975,36,-
1975,37,-
1975,38,-
1975,39,-
1975,40,-
1975,41,-
1975,42,-
1975,43,-
1975,44,-
1975,45,-
1975,46,-
1975,47,-
1975,48,-
1975,49,-
1975,50,-
1975,51,-
1975,52,-
1976,1,-
1976,2,-
1976,3,-
1976,4,-
1976,5,-
1976,6,-
1976,7,-
1976,8,-
1976,9,-
1976,10,-
1976,11,-
1976,12,-
1976,13,-
1976,14,-
1976,15,-
1976,16,-
1976,17,-
1976,18,-
1976,19,-
1976,20,-
1976,21,-
1976,22,-
1976,23,-
1976,24,-
1976,25,-
1976,26,-
1976,27,-
1976,28,-
1976,29,-
1976,30,-
1976,31,-
1976,32,-
1976,33,-
1976,34,-
1976,35,-
1976,36,-
1976,37,-
1976,38,-
1976,39,-
1976,40,-
1976,41,-
1976,42,-
1976,43,-
1976,44,-
1976,45,-
1976,46,-
1976,47,-
1976,48,-
1976,49,-
1976,50,-
1976,51,-
1976,52,-
1977,1,-
1977,2,-
1977,3,-
1977,4,-
1977,5,-
1977,6,-
1977,7,-
1977,8,-
1977,9,-
1977,10,-
1977,11,-
1977,12,-
1977,13,-
1977,14,-
1977,15,-
1977,16,-
1977,17,-
1977,18,-
1977,19,-
1977,20,-
1977,21,-
1977,22,-
1977,23,-
1977,24,-
1977,25,-
1977,26,-
1977,27,-
1977,28,-
1977,29,-
1977,30,-
1977,31,-
1977,32,-
1977,33,-
1977,34,-
1977,35,-
1977,36,-
1977,37,-
1977,38,-
1977,39,-
1977,40,-
1977,41,-
1977,42,-
1977,43,-
1977,44,-
1977,45,-
1977,46,-
1977,47,-
1977,48,-
1977,49,-
1977,50,-
1977,51,-
1977,52,-
1978,1,-
1978,2,-
1978,3,-
1978,4,-
1978,5,-
1978,6,-
1978,7,-
1978,8,-
1978,9,-
1978,10,-
1978,11,-
1978,12,-
1978,13,-
1978,14,-
1978,15,-
1978,16,-
1978,17,-
1978,18,-
1978,19,-
1978,20,-
1978,21,-
1978,22,-
1978,23,-
1978,24,-
1978,25,-
1978,26,-
1978,27,-
1978,28,-
1978,29,-
1978,30,-
1978,31,-
1978,32,-
1978,33,-
1978,34,-
1978,35,-
1978,36,-
1978,37,-
1978,38,-
1978,39,-
1978,40,-
1978,41,-
1978,42,-
1978,43,-
1978,44,-
1978,45,-
1978,46,-
1978,47,-
1978,48,-
1978,49,-
1978,50,-
1978,51,-
1978,52,-
1979,1,-
1979,2,-
1979,3,-
1979,4,-
1979,5,-
1979,6,-
1979,7,-
1979,8,-
1979,9,-
1979,10,-
1979,11,-
1979,12,-
1979,13,-
1979,14,-
1979,15,-
1979,16,-
1979,17,-
1979,18,-
1979,19,-
1979,20,-
1979,21,-
1979,22,-
1979,23,-
1979,24,-
1979,25,-
1979,26,-
1979,27,-
1979,28,-
1979,29,-
1979,30,-
1979,31,-
1979,32,-
1979,33,-
1979,34,-
1979,35,-
1979,36,-
1979,37,-
1979,38,-
1979,39,-
1979,40,-
1979,41,-
1979,42,-
1979,43,-
1979,44,-
1979,45,-
1979,46,-
1979,47,-
1979,48,-
1979,49,-
1979,50,-
1979,51,-
1979,52,-
1980,1,-
1980,2,-
1980,3,-
1980,4,-
1980,5,-
1980,6,-
1980,7,-
1980,8,-
1980,9,-
1980,10,-
1980,11,-
1980,12,-
1980,13,-
1980,14,-
1980,15,-
1980,16,-
1980,17,-
1980,18,-
1980,19,-
1980,20,-
1980,21,-
1980,22,-
1980,23,-
1980,24,-
1980,25,-
1980,26,-
1980,27,-
1980,28,-
1980,29,-
1980,30,-
1980,31,-
1980,32,-
1980,33,-
1980,34,-
1980,35,-
1980,36,-
1980,37,-
1980,38,-
1980,39,-
1980,40,-
1980,41,-
1980,42,-
1980,43,-
1980,44,-
1980,45,-
1980,46,-
1980,47,-
1980,48,-
1980,49,-
1980,50,-
1980,51,-
1980,52,-
1981,1,-
1981,2,-
1981,3,-
1981,4,-
1981,5,-
1981,6,-
1981,7,-
1981,8,-
1981,9,-
1981,10,-
1981,11,-
1981,12,-
1981,13,-
1981,14,-
1981,15,-
1981,16,-
1981,17,-
1981,18,-
1981,19,-
1981,20,-
1981,21,-
1981,22,-
1981,23,-
1981,24,-
1981,25,-
1981,26,-
1981,27,-
1981,28,-
1981,29,-
1981,30,-
1981,31,-
1981,32,-
1981,33,-
1981,34,-
1981,35,-
1981,36,-
1981,37,-
1981,38,-
1981,39,-
1981,40,-
1981,41,-
1981,42,-
1981,43,-
1981,44,-
1981,45,-
1981,46,-
1981,47,-
1981,48,-
1981,49,-
1981,50,-
1981,51,-
1981,52,-
1982,1,-
1982,2,-
1982,3,-
1982,4,-
1982,5,-
1982,6,-
1982,7,-
1982,8,-
1982,9,-
1982,10,-
1982,11,-
1982,12,-
1982,13,-
1982,14,-
1982,15,-
1982,16,-
1982,17,-
1982,18,-
1982,19,-
1982,20,-
1982,21,-
1982,22,-
1982,23,-
1982,24,-
1982,25,-
1982,26,-
1982,27,-
1982,28,-
1982,29,-
1982,30,-
1982,31,-
1982,32,-
1982,33,-
1982,34,-
1982,35,-
1982,36,-
1982,37,-
1982,38,-
1982,39,-
1982,40,-
1982,41,-
1982,42,-
1982,43,-
1982,44,-
1982,45,-
1982,46,-
1982,47,-
1982,48,-
1982,49,-
1982,50,-
1982,51,-
1982,52,-
1983,1,-
1983,2,-
1983,3,-
1983,4,-
1983,5,-
1983,6,-
1983,7,-
1983,8,-
1983,9,-
1983,10,-
1983,11,-
1983,12,-
1983,13,-
1983,14,-
1983,15,-
1983,16,-
1983,17,-
1983,18,-
1983,19,-
1983,20,-
1983,21,-
1983,22,-
1983,23,-
1983,24,-
1983,25,-
1983,26,-
1983,27,-
1983,28,-
1983,29,-
1983,30,-
1983,31,-
1983,32,-
1983,33,-
1983,34,-
1983,35,-
1983,36,-
1983,37,-
1983,38,-
1983,39,-
1983,40,-
1983,41,-
1983,42,-
1983,43,-
1983,44,-
1983,45,-
1983,46,-
1983,47,-
1983,48,-
1983,49,-
1983,50,-
1983,51,-
1983,52,-
1984,1,-
1984,2,-
1984,3,-
1984,4,-
1984,5,-
1984,6,-
1984,7,-
1984,8,-
1984,9,-
1984,10,-
1984,11,-
1984,12,-
1984,13,-
1984,14,-
1984,15,-
1984,16,-
1984,17,-
1984,18,-
1984,19,-
1984,20,-
1984,21,-
1984,22,-
1984,23,-
1984,24,-
1984,25,-
1984,26,-
1984,27,-
1984,28,-
1984,29,-
1984,30,-
1984,31,-
1984,32,-
1984,33,-
1984,34,-
1984,35,-
1984,36,-
1984,37,-
1984,38,-
1984,39,-
1984,40,-
1984,41,-
1984,42,-
1984,43,-
1984,44,-
1984,45,-
1984,46,-
1984,47,-
1984,48,-
1984,49,-
1984,50,-
1984,51,-
1984,52,-
1985,1,-
1985,2,-
1985,3,-
1985,4,-
1985,5,-
1985,6,-
1985,7,-
1985,8,-
1985,9,-
1985,10,-
1985,11,-
1985,12,-
1985,13,-
1985,14,-
1985,15,-
1985,16,-
1985,17,-
1985,18,-
1985,19,-
1985,20,-
1985,21,-
1985,22,-
1985,23,-
1985,24,-
1985,25,-
1985,26,-
1985,27,-
1985,28,-
1985,29,-
1985,30,-
1985,31,-
1985,32,-
1985,33,-
1985,34,-
1985,35,-
1985,36,-
1985,37,-
1985,38,-
1985,39,-
1985,40,-
1985,41,-
1985,42,-
1985,43,-
1985,44,-
1985,45,-
1985,46,-
1985,47,-
1985,48,-
1985,49,-
1985,50,-
1985,51,-
1985,52,-
1986,1,-
1986,2,-
1986,3,-
1986,4,-
1986,5,-
1986,6,-
1986,7,-
1986,8,-
1986,9,-
1986,10,-
1986,11,-
1986,12,-
1986,13,-
1986,14,-
1986,15,-
1986,16,-
1986,17,-
1986,18,-
1986,19,-
1986,20,-
1986,21,-
1986,22,-
1986,23,-
1986,24,-
1986,25,-
1986,26,-
1986,27,-
1986,28,-
1986,29,-
1986,30,-
1986,31,-
1986,32,-
1986,33,-
1986,34,-
1986,35,-
1986,36,-
1986,37,-
1986,38,-
1986,39,-
1986,40,-
1986,41,-
1986,42,-
1986,43,-
1986,44,-
1986,45,-
1986,46,-
1986,47,-
1986,48,-
1986,49,-
1986,50,-
1986,51,-
1986,52,-
1987,1,-
1987,2,-
1987,3,-
1987,4,-
1987,5,-
1987,6,-
1987,7,-
1987,8,-
1987,9,-
1987,10,-
1987,11,-
1987,12,-
1987,13,-
1987,14,-
1987,15,-
1987,16,-
1987,17,-
1987,18,-
1987,19,-
1987,20,-
1987,21,-
1987,22,-
1987,23,-
1987,24,-
1987,25,-
1987,26,-
1987,27,-
1987,28,-
1987,29,-
1987,30,-
1987,31,-
1987,32,-
1987,33,-
1987,34,-
1987,35,-
1987,36,-
1987,37,-
1987,38,-
1987,39,-
1987,40,-
1987,41,-
1987,42,-
1987,43,-
1987,44,-
1987,45,-
1987,46,-
1987,47,-
1987,48,-
1987,49,-
1987,50,-
1987,51,-
1987,52,-
1988,1,-
1988,2,-
1988,3,-
1988,4,-
1988,5,-
1988,6,-
1988,7,-
1988,8,-
1988,9,-
1988,10,-
1988,11,-
1988,12,-
1988,13,-
1988,14,-
1988,15,-
1988,16,-
1988,17,-
1988,18,-
1988,19,-
1988,20,-
1988,21,-
1988,22,-
1988,23,-
1988,24,-
1988,25,-
1988,26,-
1988,27,-
1988,28,-
1988,29,-
1988,30,-
1988,31,-
1988,32,-
1988,33,-
1988,34,-
1988,35,-
1988,36,-
1988,37,-
1988,38,-
1988,39,-
1988,40,-
1988,41,-
1988,42,-
1988,43,-
1988,44,-
1988,45,-
1988,46,-
1988,47,-
1988,48,-
1988,49,-
1988,50,-
1988,51,-
1988,52,-
1989,1,-
1989,2,-
1989,3,-
1989,4,-
1989,5,-
1989,6,-
1989,7,-
1989,8,-
1989,9,-
1989,10,-
1989,11,-
1989,12,-
1989,13,-
1989,14,-
1989,15,-
1989,16,-
1989,17,-
1989,18,-
1989,19,-
1989,20,-
1989,21,-
1989,22,-
1989,23,-
1989,24,-
1989,25,-
1989,26,-
1989,27,-
1989,28,-
1989,29,-
1989,30,-
1989,31,-
1989,32,-
1989,33,-
1989,34,-
1989,35,-
1989,36,-
1989,37,-
1989,38,-
1989,39,-
1989,40,-
1989,41,-
1989,42,-
1989,43,-
1989,44,-
1989,45,-
1989,46,-
1989,47,-
1989,48,-
1989,49,-
1989,50,-
1989,51,-
1989,52,-
1990,1,-
1990,2,-
1990,3,-
1990,4,-
1990,5,-
1990,6,-
1990,7,-
1990,8,-
1990,9,-
1990,10,-
1990,11,-
1990,12,-
1990,13,-
1990,14,-
1990,15,-
1990,16,-
1990,17,-
1990,18,-
1990,19,-
1990,20,-
1990,21,-
1990,22,-
1990,23,-
1990,24,-
1990,25,-
1990,26,-
1990,27,-
1990,28,-
1990,29,-
1990,30,-
1990,31,-
1990,32,-
1990,33,-
1990,34,-
1990,35,-
1990,36,-
1990,37,-
1990,38,-
1990,39,-
1990,40,-
1990,41,-
1990,42,-
1990,43,-
1990,44,-
1990,45,-
1990,46,-
1990,47,-
1990,48,-
1990,49,-
1990,50,-
1990,51,-
1990,52,-
1991,1,-
1991,2,-
1991,3,-
1991,4,-
1991,5,-
1991,6,-
1991,7,-
1991,8,-
1991,9,-
1991,10,-
1991,11,-
1991,12,-
1991,13,-
1991,14,-
1991,15,-
1991,16,-
1991,17,-
1991,18,-
1991,19,-
1991,20,-
1991,21,-
1991,22,-
1991,23,-
1991,24,-
1991,25,-
1991,26,-
1991,27,-
1991,28,-
1991,29,-
1991,30,-
1991,31,-
1991,32,-
1991,33,-
1991,34,-
1991,35,-
1991,36,-
1991,37,-
1991,38,-
1991,39,-
1991,40,-
1991,41,-
1991,42,-
1991,43,-
1991,44,-
1991,45,-
1991,46,-
1991,47,-
1991,48,-
1991,49,-
1991,50,-
1991,51,-
1991,52,-
1992,1,-
1992,2,-
1992,3,-
1992,4,-
1992,5,-
1992,6,-
1992,7,-
1992,8,-
1992,9,-
1992,10,-
1992,11,-
1992,12,-
1992,13,-
1992,14,-
1992,15,-
1992,16,-
1992,17,-
1992,18,-
1992,19,-
1992,20,-
1992,21,-
1992,22,-
1992,23,-
1992,24,-
1992,25,-
1992,26,-
1992,27,-
1992,28,-
1992,29,-
1992,30,-
1992,31,-
1992,32,-
1992,33,-
1992,34,-
1992,35,-
1992,36,-
1992,37,-
1992,38,-
1992,39,-
1992,40,-
1992,41,-
1992,42,-
1992,43,-
1992,44,-
1992,45,-
1992,46,-
1992,47,-
1992,48,-
1992,49,-
1992,50,-
1992,51,-
1992,52,-
1993,1,-
1993,2,-
1993,3,-
1993,4,-
1993,5,-
1993,6,-
1993,7,-
1993,8,-
1993,9,-
1993,10,-
1993,11,-
1993,12,-
1993,13,-
1993,14,-
1993,15,-
1993,16,-
1993,17,-
1993,18,-
1993,19,-
1993,20,-
1993,21,-
1993,22,-
1993,23,-
1993,24,-
1993,25,-
1993,26,-
1993,27,-
1993,28,-
1993,29,-
1993,30,-
1993,31,-
1993,32,-
1993,33,-
1993,34,-
1993,35,-
1993,36,-
1993,37,-
1993,38,-
1993,39,-
1993,40,-
1993,41,-
1993,42,-
1993,43,-
1993,44,-
1993,45,-
1993,46,-
1993,47,-
1993,48,-
1993,49,-
1993,50,-
1993,51,-
1993,52,-
1994,1,-
1994,2,-
1994,3,-
1994,4,-
1994,5,-
1994,6,-
1994,7,-
1994,8,-
1994,9,-
1994,10,-
1994,11,-
1994,12,-
1994,13,-
1994,14,-
1994,15,-
1994,16,-
1994,17,-
1994,18,-
1994,19,-
1994,20,-
1994,21,-
1994,22,-
1994,23,-
1994,24,-
1994,25,-
1994,26,-
1994,27,-
1994,28,-
1994,29,-
1994,30,-
1994,31,-
1994,32,-
1994,33,-
1994,34,-
1994,35,-
1994,36,-
1994,37,-
1994,38,-
1994,39,-
1994,40,-
1994,41,-
1994,42,-
1994,43,-
1994,44,-
1994,45,-
1994,46,-
1994,47,-
1994,48,-
1994,49,-
1994,50,-
1994,51,-
1994,52,-
1995,1,-
1995,2,-
1995,3,-
1995,4,-
1995,5,-
1995,6,-
1995,7,-
1995,8,-
1995,9,-
1995,10,-
1995,11,-
1995,12,-
1995,13,-
1995,14,-
1995,15,-
1995,16,-
1995,17,-
1995,18,-
1995,19,-
1995,20,-
1995,21,-
1995,22,-
1995,23,-
1995,24,-
1995,25,-
1995,26,-
1995,27,-
1995,28,-
1995,29,-
1995,30,-
1995,31,-
1995,32,-
1995,33,-
1995,34,-
1995,35,-
1995,36,-
1995,37,-
1995,38,-
1995,39,-
1995,40,-
1995,41,-
1995,42,-
1995,43,-
1995,44,-
1995,45,-
1995,46,-
1995,47,-
1995,48,-
1995,49,-
1995,50,-
1995,51,-
1995,52,-
1996,1,-
1996,2,-
1996,3,-
1996,4,-
1996,5,-
1996,6,-
1996,7,-
1996,8,-
1996,9,-
1996,10,-
1996,11,-
1996,12,-
1996,13,-
1996,14,-
1996,15,-
1996,16,-
1996,17,-
1996,18,-
1996,19,-
1996,20,-
1996,21,-
1996,22,-
1996,23,-
1996,24,-
1996,25,-
1996,26,-
1996,27,-
1996,28,-
1996,29,-
1996,30,-
1996,31,-
1996,32,-
1996,33,-
1996,34,-
1996,35,-
1996,36,-
1996,37,-
1996,38,-
1996,39,-
1996,40,-
1996,41,-
1996,42,-
1996,43,-
1996,44,-
1996,45,-
1996,46,-
1996,47,-
1996,48,-
1996,49,-
1996,50,-
1996,51,-
1996,52,-
1997,1,-
1997,2,-
1997,3,-
1997,4,-
1997,5,-
1997,6,-
1997,7,-
1997,8,-
1997,9,-
1997,10,-
1997,11,-
1997,12,-
1997,13,-
1997,14,-
1997,15,-
1997,16,-
1997,17,-
1997,18,-
1997,19,-
1997,20,-
1997,21,-
1997,22,-
1997,23,-
1997,24,-
1997,25,-
1997,26,-
1997,27,-
1997,28,-
1997,29,-
1997,30,-
1997,31,-
1997,32,-
1997,33,-
1997,34,-
1997,35,-
1997,36,-
1997,37,-
1997,38,-
1997,39,-
1997,40,-
1997,41,-
1997,42,-
1997,43,-
1997,44,-
1997,45,-
1997,46,-
1997,47,-
1997,48,-
1997,49,-
1997,50,-
1997,51,-
1997,52,-
1998,1,-
1998,2,-
1998,3,-
1998,4,-
1998,5,-
1998,6,-
1998,7,-
1998,8,-
1998,9,-
1998,10,-
1998,11,-
1998,12,-
1998,13,-
1998,14,-
1998,15,-
1998,16,-
1998,17,-
1998,18,-
1998,19,-
1998,20,-
1998,21,-
1998,22,-
1998,23,-
1998,24,-
1998,25,-
1998,26,-
1998,27,-
1998,28,-
1998,29,-
1998,30,-
1998,31,-
1998,32,-
1998,33,-
1998,34,-
1998,35,-
1998,36,-
1998,37,-
1998,38,-
1998,39,-
1998,40,-
1998,41,-
1998,42,-
1998,43,-
1998,44,-
1998,45,-
1998,46,-
1998,47,-
1998,48,-
1998,49,-
1998,50,-
1998,51,-
1998,52,-
1999,1,-
1999,2,-
1999,3,-
1999,4,-
1999,5,-
1999,6,-
1999,7,-
1999,8,-
1999,9,-
1999,10,-
1999,11,-
1999,12,-
1999,13,-
1999,14,-
1999,15,-
1999,16,-
1999,17,-
1999,18,-
1999,19,-
1999,20,-
1999,21,-
1999,22,-
1999,23,-
1999,24,-
1999,25,-
1999,26,-
1999,27,-
1999,28,-
1999,29,-
1999,30,-
1999,31,-
1999,32,-
1999,33,-
1999,34,-
1999,35,-
1999,36,-
1999,37,-
1999,38,-
1999,39,-
1999,40,-
1999,41,-
1999,42,-
1999,43,-
1999,44,-
1999,45,-
1999,46,-
1999,47,-
1999,48,-
1999,49,-
1999,50,-
1999,51,-
1999,52,-
2000,1,-
2000,2,-
2000,3,-
2000,4,-
2000,5,-
2000,6,-
2000,7,-
2000,8,-
2000,9,-
2000,10,-
2000,11,-
2000,12,-
2000,13,-
2000,14,-
2000,15,-
2000,16,-
2000,17,-
2000,18,-
2000,19,-
2000,20,-
2000,21,-
2000,22,-
2000,23,-
2000,24,-
2000,25,-
2000,26,-
2000,27,-
2000,28,-
2000,29,-
2000,30,-
2000,31,-
2000,32,-
2000,33,-
2000,34,-
2000,35,-
2000,36,-
2000,37,-
2000,38,-
2000,39,-
2000,40,-
2000,41,-
2000,42,-
2000,43,-
2000,44,-
2000,45,-
2000,46,-
2000,47,-
2000,48,-
2000,49,-
2000,50,-
2000,51,-
2000,52,-
2001,1,-
2001,2,-
2001,3,-
2001,4,-
2001,5,-
2001,6,-
2001,7,-
2001,8,-
2001,9,-
2001,10,-
2001,11,-
2001,12,-
2001,13,-
2001,14,-
2001,15,-
2001,16,-
2001,17,-
2001,18,-
2001,19,-
2001,20,-
2001,21,-
2001,22,-
2001,23,-
2001,24,-
2001,25,-
2001,26,-
2001,27,-
2001,28,-
2001,29,-
2001,30,-
2001,31,-
2001,32,-
2001,33,-
2001,34,-
2001,35,-
2001,36,-
2001,37,-
2001,38,-
2001,39,-
2001,40,-
2001,41,-
2001,42,-
2001,43,-
2001,44,-
2001,45,-
2001,46,-
2001,47,-
2001,48,-
2001,49,-
2001,50,-
2001,51,-
2001,52,-
2002,1,-
2002,2,-
2002,3,-
2002,4,-
2002,5,-
2002,6,-
2002,7,-
2002,8,-
2002,9,-
2002,10,-
2002,11,-
2002,12,-
2002,13,-
2002,14,-
2002,15,-
2002,16,-
2002,17,-
2002,18,-
2002,19,-
2002,20,-
2002,21,-
2002,22,-
2002,23,-
2002,24,-
2002,25,-
2002,26,-
2002,27,-
2002,28,-
2002,29,-
2002,30,-
2002,31,-
2002,32,-
2002,33,-
2002,34,-
2002,35,-
2002,36,-
2002,37,-
2002,38,-
2002,39,-
2002,40,-
2002,41,-
2002,42,-
2002,43,-
2002,44,-
2002,45,-
2002,46,-
2002,47,-
2002,48,-
2002,49,-
2002,50,-
2002,51,-
2002,52,-
2003,1,-
2003,2,-
2003,3,-
2003,4,-
2003,5,-
2003,6,-
2003,7,-
2003,8,-
2003,9,-
2003,10,-
2003,11,-
2003,12,-
2003,13,-
2003,14,-
2003,15,-
2003,16,-
2003,17,-
2003,18,-
2003,19,-
2003,20,-
2003,21,-
2003,22,-
2003,23,-
2003,24,-
2003,25,-
2003,26,-
2003,27,-
2003,28,-
2003,29,-
2003,30,-
2003,31,-
2003,32,-
2003,33,-
2003,34,-
2003,35,-
2003,36,-
2003,37,-
2003,38,-
2003,39,-
2003,40,-
2003,41,-
2003,42,-
2003,43,-
2003,44,-
2003,45,-
2003,46,-
2003,47,-
2003,48,-
2003,49,-
2003,50,-
2003,51,-
2003,52,-
2004,1,-
2004,2,-
2004,3,-
2004,4,-
2004,5,-
2004,6,-
2004,7,-
2004,8,-
2004,9,-
2004,10,-
2004,11,-
2004,12,-
2004,13,-
2004,14,-
2004,15,-
2004,16,-
2004,17,-
2004,18,-
2004,19,-
2004,20,-
2004,21,-
2004,22,-
2004,23,-
2004,24,-
2004,25,-
2004,26,-
2004,27,-
2004,28,-
2004,29,-
2004,30,-
2004,31,-
2004,32,-
2004,33,-
2004,34,-
2004,35,-
2004,36,-
2004,37,-
2004,38,-
2004,39,-
2004,40,-
2004,41,-
2004,42,-
2004,43,-
2004,44,-
2004,45,-
2004,46,-
2004,47,-
2004,48,-
2004,49,-
2004,50,-
2004,51,-
2004,52,-
2005,1,-
2005,2,-
2005,3,-
2005,4,-
2005,5,-
2005,6,-
2005,7,-
2005,8,-
2005,9,-
2005,10,-
2005,11,-
2005,12,-
2005,13,-
2005,14,-
2005,15,-
2005,16,-
2005,17,-
2005,18,-
2005,19,-
2005,20,-
2005,21,-
2005,22,-
2005,23,-
2005,24,-
2005,25,-
2005,26,-
2005,27,-
2005,28,-
2005,29,-
2005,30,-
2005,31,-
2005,32,-
2005,33,-
2005,34,-
2005,35,-
2005,36,-
2005,37,-
2005,38,-
2005,39,-
2005,40,-
2005,41,-
2005,42,-
2005,43,-
2005,44,-
2005,45,-
2005,46,-
2005,47,-
2005,48,-
2005,49,-
2005,50,-
2005,51,-
2005,52,-
2006,1,-
2006,2,-
2006,3,-
2006,4,-
2006,5,-
2006,6,-
2006,7,-
2006,8,-
2006,9,-
2006,10,-
2006,11,-
2006,12,-
2006,13,-
2006,14,-
2006,15,-
2006,16,-
2006,17,-
2006,18,-
2006,19,-
2006,20,-
2006,21,-
2006,22,-
2006,23,-
2006,24,-
2006,25,-
2006,26,-
2006,27,-
2006,28,-
2006,29,-
2006,30,-
2006,31,-
2006,32,-
2006,33,-
2006,34,-
2006,35,-
2006,36,-
2006,37,-
2006,38,-
2006,39,-
2006,40,-
2006,41,-
2006,42,-
2006,43,-
2006,44,-
2006,45,-
2006,46,-
2006,47,-
2006,48,-
2006,49,-
2006,50,-
2006,51,-
2006,52,-
2007,1,-
2007,2,-
2007,3,-
2007,4,-
2007,5,-
2007,6,-
2007,7,-
2007,8,-
2007,9,-
2007,10,-
2007,11,-
2007,12,-
2007,13,-
2007,14,-
2007,15,-
2007,16,-
2007,17,-
2007,18,-
2007,19,-
2007,20,-
2007,21,-
2007,22,-
2007,23,-
2007,24,-
2007,25,-
2007,26,-
2007,27,-
2007,28,-
2007,29,-
2007,30,-
2007,31,-
2007,32,-
2007,33,-
2007,34,-
2007,35,-
2007,36,-
2007,37,-
2007,38,-
2007,39,-
2007,40,-
2007,41,-
2007,42,-
2007,43,-
2007,44,-
2007,45,-
2007,46,-
2007,47,-
2007,48,-
2007,49,-
2007,50,-
2007,51,-
2007,52,-
2008,1,-
2008,2,-
2008,3,-
2008,4,-
2008,5,-
2008,6,-
2008,7,-
2008,8,-
2008,9,-
2008,10,-
2008,11,-
2008,12,-
2008,13,-
2008,14,-
2008,15,-
2008,16,-
2008,17,-
2008,18,-
2008,19,-
2008,20,-
2008,21,-
2008,22,-
2008,23,-
2008,24,-
2008,25,-
2008,26,-
2008,27,-
2008,28,-
2008,29,-
2008,30,-
2008,31,-
2008,32,-
2008,33,-
2008,34,-
2008,35,-
2008,36,-
2008,37,-
2008,38,-
2008,39,-
2008,40,-
2008,41,-
2008,42,-
2008,43,-
2008,44,-
2008,45,-
2008,46,-
2008,47,-
2008,48,-
2008,49,-
2008,50,-
2008,51,-
2008,52,-
2009,1,-
2009,2,-
2009,3,-
2009,4,-
2009,5,-
2009,6,-
2009,7,-
2009,8,-
2009,9,-
2009,10,-
2009,11,-
2009,12,-
2009,13,-
2009,14,-
2009,15,-
2009,16,-
2009,17,-
2009,18,-
2009,19,-
2009,20,-
2009,21,-
2009,22,-
2009,23,-
2009,24,-
2009,25,-
2009,26,-
2009,27,-
2009,28,-
2009,29,-
2009,30,-
2009,31,-
2009,32,-
2009,33,-
2009,34,-
2009,35,-
2009,36,-
2009,37,-
2009,38,-
2009,39,-
2009,40,-
2009,41,-
2009,42,-
2009,43,-
2009,44,-
2009,45,-
2009,46,-
2009,47,-
2009,48,-
2009,49,-
2009,50,-
2009,51,-
2009,52,-
2010,1,-
2010,2,-
2010,3,-
2010,4,-
2010,5,-
2010,6,-
2010,7,-
2010,8,-
2010,9,-
2010,10,-
2010,11,-
2010,12,-
2010,13,-
2010,14,-
2010,15,-
2010,16,-
2010,17,-
2010,18,-
2010,19,-
2010,20,-
2010,21,-
2010,22,-
2010,23,-
2010,24,-
2010,25,-
2010,26,-
2010,27,-
2010,28,-
2010,29,-
2010,30,-
2010,31,-
2010,32,-
2010,33,-
2010,34,-
2010,35,-
2010,36,-
2010,37,-
2010,38,-
2010,39,-
2010,40,-
2010,41,-
2010,42,-
2010,43,-
2010,44,-
2010,45,-
2010,46,-
2010,47,-
2010,48,-
2010,49,-
2010,50,-
2010,51,-
2010,52,-
2011,1,-
2011,2,-
2011,3,-
2011,4,-
2011,5,-
2011,6,-
2011,7,-
2011,8,-
2011,9,-
2011,10,-
2011,11,-
2011,12,-
2011,13,-
2011,14,-
2011,15,-
2011,16,-
2011,17,-
2011,18,-
2011,19,-
2011,20,-
2011,21,-
2011,22,-
2011,23,-
2011,24,-
2011,25,-
2011,26,-
2011,27,-
2011,28,-
2011,29,-
2011,30,-
2011,31,-
2011,32,-
2011,33,-
2011,34,-
2011,35,-
2011,36,-
2011,37,-
2011,38,-
2011,39,-
2011,40,-
2011,41,-
2011,42,-
2011,43,-
2011,44,-
2011,45,-
2011,46,-
2011,47,-
2011,48,-
2011,49,-
2011,50,-
2011,51,-
2011,52,-
